{"text": "\u4f60\u4ed6\u5988\u7684\u8fd8\u6d3b\u7740\u5417", "segments": [{"id": 0, "seek": 0, "start": 0.0, "end": 3.24, "text": "\u4f60\u4ed6\u5988\u7684\u8fd8\u6d3b\u7740\u5417", "tokens": [50364, 2166, 5000, 32462, 1546, 14852, 25956, 20708, 14769, 50526], "temperature": 0.0, "avg_logprob": -0.5106007402593439, "compression_ratio": 0.6857142857142857, "no_speech_prob": 0.027546841651201248}], "language": "zh"}